epoch,steps,Pearson_Correlation,Spearman_Correlation
0,-1,0.7986478057703434,0.8281216721829838
1,-1,0.8142850873711335,0.8447654327645466
2,-1,0.8254985285974703,0.8516189535023774
3,-1,0.8277667323731386,0.8529041518970607
