epoch,steps,Pearson_Correlation,Spearman_Correlation
0,-1,0.8006122705193023,0.8253520599538221
1,-1,0.8157957544314145,0.8432873054112694
2,-1,0.8254573804326113,0.8494205605281222
3,-1,0.827908540991477,0.8511933250951459
