epoch,steps,Pearson_Correlation,Spearman_Correlation
0,-1,0.8127117526324247,0.8189704363383863
1,-1,0.8286126322506112,0.8375239936098879
2,-1,0.8349243554099254,0.8440075923845752
3,-1,0.8363294243011458,0.8452210291639629
